[
    {
        "A": 0.45
    },

    {
        "B": 0.05
    },   
    
    { 
        "C": 0.01
    },
    
    {
        "D":0.008
    },
    
    {
        "E|B": 0.83,
        "E|-B": 0.01
    },
    
    {
        "F|A,B,C,D": 0.33,
        "F|A,B,C,-D": 0.005989006,
        "F|A,B,-C,D":0.330685984,
        "F|A,B,-C,-D":0.003997,
        "F|A,-B,C,D":0.330014656,
        "F|A,-B,C,-D":0.002998,
        "F|A,-B,-C,D": 0.328672,
        "F|A,-B,-C,-D": 0.001,
        "F|-A,B,C,D": 0.331355968,
        "F|-A,B,C,-D": 0.004994,
        "F|-A,B,-C,D": 0.330016,
        "F|-A,B,-C,-D":0.003,
        "F|-A,-B,C,D": 0.329344,
        "F|-A,-B,C,-D":0.002,
        "F|-A,-B,-C,D":0.328,
        "F|-A,-B,-C,-D":0.0
    },
    
    {
        "G|D": 0.41,
        "G|-D": 0.02
    },
    
    {
        "H|F":0.12,
        "H|-F": 0.06
    },
    
    {
        "I|F": 0.62,
        "I|-F": 0.15
    },
    
    {
        "BELIEF": "H"
    },

    {
        "BELIEF": "-I"
    },

    {
        "QUERY": "B"
    }

]